obs	Country	Arrivals	Share	Gdp	Gdppc	Gkf	Cpi	Fdi	Exrate	ld_Arrivals	ld_Share	ld_Gdp	ld_Gdppc	ld_Gkf	ld_Cpi	ld_Fdi	ld_Exrate
"1980"	1	30100	10.8234448040273	1283622533248.77	23243.6433436138	257250484258.568	38.6460615467355	3282773277.87031	115.88	NA	NA	NA	NA	NA	NA	NA	NA
"1981"	1	31400	11.2706389088299	1296190142529.72	23352.5548528827	233512923743.969	43.798869752924	2469631624.9973	110.563333333333	0.0422827211593777	0.0404864210535916	0.00974311725600074	0.00467470359470568	-0.0968128336385838	0.125163142953026	-0.284619576858095	-0.0469666637945538
"1982"	1	33467	12.0863127482846	1327524824140.68	23783.6690128483	241368024778.64	49.0453066797489	1585298782.09975	105.559166666667	0.0637519857850712	0.069872616953861	0.0238868717933514	0.0182927755497566	0.0330854189522398	0.113136484702848	-0.443296104219417	-0.0463168919070762
"1983"	1	34018	12.0716820440028	1343878655335.03	23933.7786463247	224115937855.046	53.6847712113188	1725670868.53761	101.65	0.0163299175926213	-0.0012112516950431	0.0122437779390907	0.00629162438513831	-0.0741593448025668	0.0903848741652076	0.0848429885540369	-0.0377360771251638
"1984"	1	35429	11.5479139504563	1363964607238.97	24145.293849283	221980613816.346	57.8044349149032	2397989218.95718	99.9708333333333	0.0406408975187968	-0.0443575725097243	0.0148356594967538	0.00879869583795845	-0.00957344475926902	0.073936130176639	0.32901467657263	-0.0166570632959262
"1985"	1	36748	11.4801624492346	1385927827221.06	24389.3352170013	227836628449.734	61.1750688543643	2595492779.80055	102.489166666667	0.0365531085985236	-0.00588426888419358	0.015974215387196	0.0100564660375255	0.0260387773208492	0.0566742334928056	0.0791458337193092	0.0248786251574327
"1986"	1	36080	10.9267110841914	1417194099445.36	24795.556087457	245608253824.056	62.7280141848885	3255870956.36327	106.13	-0.0183451072147971	-0.0494101917250074	0.0223091037707626	0.016518491611734	0.0751089722552933	0.025068410202687	0.226683420321528	0.0349076558378689
"1987"	1	41734	11.6024464831804	1451042924528.68	25243.087561169	257351994168.781	64.7910746134609	5139716801.65678	107.405	0.14557744911677	0.0600056299012199	0.0236036257152747	0.0178879111959809	0.0467069724436548	0.032359711363088	0.456538166206908	0.0119419781522092
"1988"	1	42721	11.0963636363636	1518772700106.95	26274.6059863955	284613112193.454	66.540963114582	8489906284.29328	105.029166666667	0.0233744583064777	-0.0445985252797283	0.0456200183816584	0.0400505626016052	0.100685982026324	0.0266498882803621	0.501879980903514	-0.0223686465637396
"1989"	1	49549	12.082175079249	1582375593209.97	27228.9962103888	309432747501.617	68.8687668217926	10303924628.9084	102.765833333333	0.148271476319961	0.0851137782097324	0.04102468329312	0.0356795217443295	0.0836100175417478	0.0343850188073116	0.193646892695451	-0.0217851521558421
"1990"	1	52497	11.9447098976109	1623837028984.48	27801.0480092585	320538319222.255	71.1965705290037	13183285334.811	106.343333333333	0.0577939461700883	-0.0114427385571312	0.0258646272327674	0.020791275526296	0.0352610554742832	0.0332418870177609	0.246424910095993	0.0342199163756716
"1991"	1	55041	12.4386440677966	1640714701824.36	28019.0700420328	310626732920.46	73.4869177432876	15152742089.8424	102.53	0.047322336956972	0.0405195896342199	0.0103400556075215	0.00781163311923017	-0.0314098543160632	0.031662749959068	0.139231746916572	-0.0365174149000298
"1992"	1	59740	12.4510212588579	1664963471935.78	28292.0266109218	300535010920.012	75.2254455510217	21839501253.074	104.095833333333	0.0819234507232718	0.000994564765661732	0.0146712437135328	0.00969466847441858	-0.0330277195798523	0.0233821449206557	0.365538802611464	0.0151565105214786
"1993"	1	60565	12.2180754488602	1653852691682.83	27981.5692247404	267229790986.42	76.8097012666016	20754044035.6782	105.2825	0.0137153556808016	-0.0188861989401321	-0.00669565363962121	-0.0110339682891674	-0.117455327413627	0.0208414053415256	-0.0509791932450661	0.0113352642921996
"1994"	1	61312	11.7953058868796	1691021184933.84	28503.9794568585	288677634507.287	78.0854127978741	15797125294.9865	105.024166666667	0.0122584138796302	-0.0352148033012321	0.0222250671139115	0.0184976561271633	0.0772016853412474	0.016472312693673	-0.272913140849237	-0.00245673109044997
"1995"	1	60033	11.3269811320755	1725641456022.73	28982.5470176655	302007764675.67	79.4738616272588	23736300874.0228	107.805833333333	-0.0210811713208603	-0.0405140556596368	0.0202662420362358	0.0166501142464277	0.0451421138894617	0.0176249195906877	0.407177578636237	0.0261412871597466
"1996"	1	62406	11.1042704626335	1744064659527.19	29188.379899578	290191371022.982	81.067136302034	21971888803.0024	107.373333333333	0.0387670135715155	-0.0198578297760088	0.0106195602915093	0.00707685958819937	-0.0399121224694916	0.0198494715705442	-0.0772417041426685	-0.00401991130574419
"1997"	1	66591	11.325	1782152186194.85	29720.4717505999	297494261684.823	82.0577734055212	23047924754.756	102.074166666667	0.0649080086805824	0.0196829106756464	0.0216033270906841	0.0180654114660861	0.0248543309238336	0.0121458983021085	0.047811878440374	-0.0506121850186627
"1998"	1	70109	11.6074503311258	1842357932069.84	30611.4892950859	333353221322.688	82.546212532935	29518429032.2114	102.206666666667	0.0514817405369943	0.0246344905008056	0.03322450873344	0.0295393127546912	0.113807716156984	0.00593473551981472	0.247439048192305	0.00129723397363346
"1999"	1	73147	11.6661881977671	1903007898865.84	31457.0313920338	359199970576.531	82.9864956900404	45986859387.4475	99.2641666666667	0.0424199411885464	0.00504759849044234	0.0323895030088046	0.0272471261833012	0.0746766020118841	0.00531960360099415	0.443340908938481	-0.0292122606372516
"2000"	1	77190	11.4017725258493	1973040715336.02	32392.1601842506	391485377830.423	84.3967776776434	42379454823.6831	93.8333333333333	0.0537987999565885	-0.0229259323227669	0.0361401240356365	0.0292938920658656	0.0860689111270609	0.0168513296687554	-0.0816920014311791	-0.0562644876653149
"2001"	1	75202	11.1245562130178	2009259139005.37	32747.7042933707	393114823283.838	85.7726625435981	50342933495.883	93.4983333333333	-0.0260920886149485	-0.0246138917456369	0.0181902034813355	0.0109164378149256	0.00415357476004985	0.0161711156530888	0.172194572908634	-0.00357654808780961
"2002"	1	77012	11.0649425287356	2027922196776.6	32812.5605990037	380798544632.642	87.4168449584139	49568692710.503	95.0208333333333	0.0237834275202751	-0.005373156771181	0.00924565391804322	0.00197852546497224	-0.0318312593594179	0.0189876608173103	-0.0154988225756512	0.0161525549799837
"2003"	1	75048	10.8765217391304	2046163317428.99	32874.0679142829	382196550450.182	89.2605306787925	43061946521.5344	100.083333333333	-0.0258333450434396	-0.0171752823003244	0.00895476664966566	0.00187275050182656	0.00366452521386762	0.020871406329551	-0.140719743309859	0.0519070064881708
"2004"	1	74433	9.76811023622047	2098231445884.94	33463.484367378	409094397043.974	91.1661312181391	32828926514.2162	101.863333333333	-0.00822851693601478	-0.107483475031357	0.0251283341458475	0.0177706877654042	0.0680109227754713	0.0211240553856946	-0.271329663119829	0.0176288732837904
"2005"	1	74988	9.29219330855019	2136555737949.56	33818.9726871324	426669153857.633	92.748398813987	88784437774.3422	101.261666666667	0.00742870884731062	-0.0499484037359923	0.0181002429205428	0.0105671416670141	0.0420629685512068	0.0172069779936015	0.994901351690277	-0.00592411988971442
"2006"	1	77916	9.13434935521688	2189261553002.04	34412.6255669414	445387753071.681	94.3100281368455	88653513862.1396	100.88	0.0383032225794047	-0.0171326566423251	0.0243692323564382	0.0174015522267936	0.0429363603915363	0.0166970890225189	-0.00147571514160205	-0.00377623402939165
"2007"	1	80853	8.89471947194719	2239290842802.07	34982.0476328005	477215186418.694	95.713430700119	93071273731.4862	101.5775	0.0370013677717562	-0.0265841789140437	0.0225949311506746	0.0164114857834168	0.0690222557558116	0.0147711034059759	0.0486299146309079	0.00689036226964923
"2008"	1	79218	8.54563106796117	2237484448620.85	34759.1463153496	473557869686.117	98.4067253252248	64105775507.9161	102.9425	-0.0204291453609873	-0.040037616749363	-0.000807006901919038	-0.00639226442307361	-0.00769339170533812	0.0277505182177693	-0.372831122445085	0.0133485259952346
"2009"	1	76764	8.61548821548821	2167069258226.38	33492.6031890644	399601329539.124	98.4934060717799	26875154006.4343	103.144166666667	-0.0314677654691184	0.00814137262592718	-0.0319765383439048	-0.0371181265736915	-0.169806748080553	0.00088045397978842	-0.869332244491897	0.00195710604959132
"2010"	1	77648	8.18208640674394	2204446339914.44	33902.4887464595	408166681706.71	100	39035922875.7727	100	0.0114500124068595	-0.0516143587322588	0.0171007018985918	0.0121638119169365	0.0212082506280673	0.0151805834845664	0.373280104653333	-0.0309574999830478
"2011"	1	81550	8.19597989949749	2249127707682.93	34420.0215587019	442511732847.088	102.117486808704	40832023979.3499	99.4333333333333	0.0490305364041621	0.00169659785549747	0.0200660712122769	0.0151499910839519	0.0807913544332273	0.0209537959051529	0.0449843534339998	-0.00568278313549886
"2012"	1	83013	8.02057971014493	2249439870828.98	34250.166106387	419181666315.973	104.114583691636	28121826113.7947	96.3858333333333	0.0177808929709489	-0.0216330755699281	0.000138783353190064	-0.00494700260750136	-0.0541625818879794	0.0193680770148461	-0.372920670121388	-0.031128169158448
"1980"	2	4796	1.72455951096728	145924695198.084	15133.4840062913	33875265203.4288	5.23385579271742	672000000	81.4565121376011	NA	NA	NA	NA	NA	NA	NA	NA
"1981"	2	5094	1.82842785355348	143657432237.88	14765.3679061684	30510901915.7802	6.51400271014916	520000000	84.4907040892007	0.0602811393919982	0.0584848392862112	-0.0156591797270202	-0.024625340355735	-0.10460104844412	0.218805871197374	-0.256429528947677	0.036572233101281
"1982"	2	5033	1.81762369086313	142030299882.077	14508.4132256709	29461715027.1461	7.87666591308588	436000000	88.0399003325028	-0.0120471487630436	-0.005926517594253	-0.0113911083129494	-0.0175557287141288	-0.0349924348189461	0.18995058395428	-0.176186568226438	0.0411486070541933
"1983"	2	4778	1.69552874378992	140498329290.103	14268.6758917651	26933045708.4586	9.47103437165317	439000000	81.589013241777	-0.0519941788906042	-0.0695353481782689	-0.0108448167608941	-0.0166620660841552	-0.0897376271291321	0.184333420526431	0.00685716972613548	-0.0760955133268304
"1984"	2	5523	1.80019556714472	143323161165.237	14483.2299240088	26374461350.706	11.2183414267199	485000000	79.0648255402128	0.144899142015433	0.0599006719869114	0.0199063513570188	0.014924785595019	-0.0209578287948915	0.169311938852591	0.0996494778623109	-0.0314265188235581
"1985"	2	6574	2.05373320837238	146919936943.605	14789.1584654787	29096360816.2845	13.3837681640015	447000000	76.4906374219785	0.174201284322976	0.131763906840261	0.0247858428762591	0.0209029530845992	0.0982169396317865	0.176492575420568	-0.0815902963239132	-0.0330997457347832
"1986"	2	7025	2.1274984857662	147680482808.979	14816.6275576712	31339942285.2564	16.4648573136962	471000000	71.6489304077534	0.0663527399777823	0.0352876554675714	0.00516324827803061	0.00185565754298267	0.0742802868606773	0.207185608095757	0.0522994994028494	-0.0653901205536807
"1987"	2	7564	2.10286349735891	144344582320.511	14433.5994328848	24866256999.0769	19.1626153889656	683000000	73.2747772898107	0.073924935576402	-0.0116468836391489	-0.0228476661878574	-0.0261912511321523	-0.231381651520156	0.151733016029206	0.371636765554371	0.0224382210693763
"1988"	2	7923	2.05792207792208	150533878329.055	14997.9210215914	28961009382.9336	21.7546948632078	907000000	75.1731264427203	0.0463697711868942	-0.0216032123993121	0.0419847901800985	0.0383528103070514	0.15243867745524	0.126868324238151	0.283647590544348	0.0255773587355232
"1989"	2	8082	1.97073884418435	156254165703.24	15486.8126940745	29556784698.2251	24.7350880594672	752000000	75.980633171943	0.0198694446731764	-0.0432882534370523	0.0372957847288511	0.0320772749279872	0.0203628968214922	0.128393214768396	-0.187406126165296	0.0106846751744847
"1990"	2	8873	2.0188850967008	156254165703.24	15384.037938265	30090892249.9908	29.7821772677314	1005000000	80.2240018666822	0.0933735911969187	0.0241369064697006	0	-0.00665839349465003	0.0179092247958792	0.185687331537913	0.290006496543334	0.0543442641167253
"1991"	2	8036	1.81604519774011	161098044842.542	15707.2404766306	33041528221.9651	35.5816163400148	1135000000	81.1390094917457	-0.099081510900513	-0.105884258223265	0.0305292050503567	0.0207913085310452	0.0935426583639902	0.177918973209628	0.121645109422328	0.0113411050617707
"1992"	2	9331	1.94476865360567	162225731156.269	15643.9563593463	30317679899.1263	41.2269596570173	1144000000	83.6848640405337	0.149410743299198	0.068481857341587	0.0069756137353707	-0.00403711562064402	-0.0860341639055839	0.147263293425353	0.00789824202423972	0.0308942750007111
"1993"	2	9413	1.89893080492233	159630119458.014	15252.9446634717	28987213684.4184	47.1696171371503	977000000	84.2023683530696	0.00874952231319703	-0.0238520323077358	-0.0161293819283479	-0.0253120901796091	-0.0448762120445991	0.134657577641138	-0.157799519896958	0.00616492325462925
"1994"	2	10713	2.06098499422855	162822721848.395	15428.9947724417	28800681148.7728	52.3218540372532	981000000	85.1673763948033	0.129366244715339	0.0818930275344764	0.019802627303676	0.0114759395469246	-0.00645578746308573	0.103664162409645	0.00408580752257848	0.0113954057823351
"1995"	2	10130	1.91132075471698	166241542736.514	15632.4547904288	30373711244.8156	56.9978880120709	1053000000	88.0090667422228	-0.0559566390198292	-0.0753895233586067	0.0207797945612818	0.0131006717837288	0.0531784347451172	0.0856000717153553	0.0708260525686129	0.0328213859887789
"1996"	2	9233	1.64288256227758	170162186674.837	15889.386292932	32955245668.3613	61.6695600148969	1058000000	91.8715989299911	-0.0927172954701021	-0.151342138817625	0.0233102140235992	0.0163021691525049	0.0815729765317492	0.0787762397417522	0.00473710028427021	0.0429520980662401
"1997"	2	10070	1.71258503401361	176352020287.808	16364.4926302452	35157083589.1443	65.0854202813889	984000000	91.5182626521887	0.0867766839399806	0.0415515859350442	0.0357300912345764	0.0294625465434262	0.0646756733996554	0.0539101108507376	-0.0725097153659924	-0.00385339420584874
"1998"	2	10916	1.80728476821192	182283944166.904	16823.8083086203	38728829544.814	68.1875382365004	NA	88.789073242277	0.0806688961156219	0.0538216460794331	0.0330834913767752	0.0276811402846686	0.0967581496391965	0.0465612590276354	NA	-0.0302749508393667
"1999"	2	12164	1.94003189792663	188516946076.755	17322.8173904308	42316674350.944	69.9854954679807	567300000	88.5715714297619	0.108251166969026	0.0708788242709206	0.0336222983396226	0.0292295123781123	0.08859692889542	0.0260261886302136	NA	-0.00245265145431883
"2000"	2	13096	1.93441654357459	196957614571.307	18040.5714954517	46557116751.418	72.2012940073461	1083400000	82.5281877348978	0.0738260702537143	-0.00289866202563882	0.043800648669805	0.0405986366919961	0.095498674991255	0.0311699552989717	0.646971258891277	-0.0706710374003787
"2001"	2	14057	2.07943786982249	205224269626.438	18738.9236680445	48384922703.0641	74.6373414145671	1584999999.99999	83.5431961933016	0.0708136522807958	0.0722918491501059	0.0411148282076574	0.0379796466764031	0.0385083747287247	0.0331829688512348	0.380480163087576	0.0122239132745623
"2002"	2	14180	2.03735632183908	212282768281.439	19327.0322168029	48995481149.6861	77.3462014203315	53061484.4046494	86.1107175893132	0.00871202875435273	-0.0204445555371028	0.0338158192461755	0.030901908776503	0.0125398216305967	0.0356505297035143	-3.39688836202911	0.0302700643027558
"2003"	2	13969	2.02449275362319	224900411252.113	20411.4901006825	58059584226.8189	80.0770256932791	1331693343.16592	91.6499304160868	-0.0149919323585674	-0.00633386961545324	0.0577384889810695	0.0545932335851003	0.169741725052759	0.0346975257925335	3.22275527746431	0.0623423329740191
"2004"	2	13313	1.74711286089239	234723171409.685	21230.9085551649	56680527713.2388	82.3983369264	2104990942.15376	93.3949449578746	-0.0480995872956349	-0.147354545390975	0.0427491381990386	0.0393600880955738	-0.0240390723007273	0.0285762611548321	0.457859841345805	0.0188610062132772
"2005"	2	14765	1.82961586121437	240075690352.186	21642.2584718898	51387522863.503	85.319418161659	689960219.877322	93.6941141176176	0.103518513746106	0.0461414011628033	0.0225474243262127	0.0191897435316601	-0.0980353280276915	0.0348368203165856	-1.11543249951475	0.00319814976051713
"2006"	2	16039	1.88030480656506	253297904331.443	22762.3212378207	62232421776.6005	88.0461806683022	5409239580.64895	94.4649538746156	0.082763741159356	0.0273278619376246	0.0536120334201797	0.050458777513013	0.191480717221648	0.0314593830544903	2.05922986027812	0.00819353622106878
"2007"	2	16165	1.77832783278328	262254970178.58	23493.2297045705	70279030164.6521	90.5951184965579	1957669988.65975	95.999133326111	0.00782515482215551	-0.0557603918636441	0.0347509156511343	0.0316056903044437	0.121597349262384	0.0285388747176425	-1.01635354008822	0.0161102563290632
"2008"	2	15939	1.71941747572816	261690835688.703	23393.578214542	63002859892.8021	94.357349279092	5733408743.96952	98.7516562638022	-0.0140794750404805	-0.033687946428857	-0.00215340862187929	-0.00425073254073283	-0.109293343146316	0.040688830702627	1.07455526329733	0.0282690123581713
"2009"	2	14915	1.67396184062851	253482546934.537	22658.4983429139	47234349557.28	95.4991429829939	2762586782.18351	100.147501229177	-0.0664015181702045	-0.0267923800751582	-0.0318688182615539	-0.0319265650876837	-0.288058747713794	0.0120281108753	-0.730142767367212	0.014035935585512
"2010"	2	15007	1.5813487881981	240951131470.427	21603.2747766232	43315521780.3313	100	533530144.307117	99.9999999999998	0.00614934094713959	-0.056915030191978	-0.0507008333290067	-0.0476900711084056	-0.0866103313206743	0.0460529125417377	-1.6444071876334	-0.00147392552966874
"2011"	2	16427	1.65095477386935	223829580516.59	20122.7451561513	36201520710.8392	103.329870179917	1091980638.44175	100.678338986158	0.0904095636452116	0.0430756250965454	-0.073709177913944	-0.0709941381302404	-0.179409914914473	0.0327563078734707	0.716232853718704	0.006760486190589
"2012"	2	15518	1.49932367149758	208222727155.151	18771.0290922936	29764336438.5913	104.88138862835	1663327172.79259	97.555812965108	-0.0569256820873054	-0.0963396506281818	-0.0722766506030759	-0.0695360995607999	-0.195790213524081	0.0149035856697521	0.42082677055572	-0.0315060172887609
"1980"	3	22087	7.94210715569939	1144332882465.38	20277.4082099823	237669544182.529	22.3535971988693	576575201.60201	94.7917534707752	NA	NA	NA	NA	NA	NA	NA	NA
"1981"	3	20036	7.19167264895908	1153993656823.64	20424.0610003799	217192323615.381	26.3313049710991	1127027127.04991	92.5459575673736	-0.0974585446559608	-0.0992548447617478	0.00840683957735422	0.00720629637656067	-0.090097994068163	0.163771277814238	0.670232807586867	-0.0239770570711695
"1982"	3	22297	8.05236547490069	1158766409130.94	20493.344512639	213504688586.13	30.645157062109	617175560.44502	93.6417726371224	0.106921484772863	0.113042115941652	0.00412732747578204	0.00338650887586489	-0.0171244519462732	0.151716107717878	-0.602185061651301	0.0117712130832723
"1983"	3	22140	7.85663591199432	1172314746507.89	20725.4298286204	204959720607.26	35.1270813125088	1189582074.72179	98.7791870135495	-0.00706621298774301	-0.0246073822754065	0.0116242112812692	0.0112612649145731	-0.0408453180282251	0.136497738210938	0.656203804467751	0.0534103520203253
"1984"	3	23043	7.51075619295958	1210131889643.31	21389.2203793671	225426796331.914	38.9367169253487	1320641872.02662	99.6258395693401	0.0399761084041632	-0.0450223616243575	0.0317491432325916	0.0315256341015502	0.0951820030096329	0.102965304931872	0.104515837369483	0.0085346395658652
"1985"	3	25047	7.82474226804124	1243992417325.25	21981.3555854788	232805702702.195	42.5222563256686	1071697218.86552	99.2500124997914	0.0833920241953194	0.0409546467126023	0.0275965455268761	0.0273075461347538	0.0322087337009762	0.0880899318308379	-0.208874307430431	-0.00377951886085537
"1986"	3	24672	7.47183525136281	1279570250745.34	22608.7841258004	241259910844.19	44.9873146633885	-171754750.556129	106.251562473959	-0.0150850624990557	-0.0461501470092642	0.0281983810517872	0.0281438882328189	0.0356706088940193	0.0563529365511317	NA	0.0681674678238862
"1987"	3	25749	7.15846538782319	1320413629239.03	23328.0668328971	258728142963.592	47.1162286823284	4174570240.72996	109.349844169264	0.0427267940232738	-0.0428450251922772	0.0314207630443306	0.0313187118487814	0.069903048778631	0.0462369460261853	NA	0.0287428087242141
"1988"	3	26155	6.79350649350649	1375796758357.88	24294.7917402366	272491050792.947	49.5252629669184	6801431954.31929	108.074032099465	0.0156445854183822	-0.0523283981678242	0.0410879809231517	0.0406047749526799	0.0518279030638631	0.0498654026646972	0.488121754878026	-0.0117358473669524
"1989"	3	25935	6.32406730065838	1422414028860.13	25099.1587658086	284447566042.522	52.6065858890683	2165726940.76292	110.501491641806	-0.00844696901921083	-0.0716046671294401	0.0333224246183264	0.0325723345729738	0.0429431620081928	0.0603584165706197	-1.1443770970284	0.0222125451966431
"1990"	3	26679	6.07030716723549	1450659969659.3	25576.1531652981	297637218199.28	56.0240531299982	6410685449.35952	115.842235962734	0.0282833312822497	-0.0409533534449691	0.0196631558333422	0.0188260701037564	0.0453264218475233	0.0629397997738743	1.08521012509094	0.0472002107280423
"1991"	3	25878	5.84813559322034	1472977612473.85	25951.6560072777	302285779906.457	59.553568477188	2400685993.41399	116.013899768337	-0.0304835521918516	-0.0372862995146042	0.0152673344012619	0.0145750225117283	0.0154975047117674	0.0610950993598092	-0.982211672491683	0.00148077890135667
"1992"	3	26113	5.44247603167987	1485266303328.47	26150.3957646361	296888981990.759	62.5788673462079	3104520913.5432	114.154764087265	0.00904008772326748	-0.0718887982343417	0.00830814624498899	0.00762890191417931	-0.0180145900928075	0.0495514207272532	0.257104881224269	-0.0161549020877878
"1993"	3	26379	5.32156546298164	1472599866826.43	25911.5376019085	263333215774.497	65.3800700027078	3748776013.26658	96.1025649572504	0.0101349644479463	-0.0224665901729886	-0.00856462949972681	-0.00917598802975483	-0.119938060544996	0.043789833217355	0.188569981915606	-0.172139101307029
"1994"	3	27480	5.28664871104271	1504275838198.94	26463.5091883831	277387308496.883	68.0132004998178	2199180295.33475	93.7009383176944	0.0408902282891734	-0.00658298889168774	0.0212821562510044	0.0210784355115479	0.0519945448337502	0.0394843393328888	-0.533344692336573	-0.0253078028650036
"1995"	3	31052	5.8588679245283	1547701825713.33	27227.0349715314	300515125116.138	71.5800652157612	4841781425.99734	87.3243779270342	0.122204751189285	0.102771866850508	0.0284595257966984	0.0284436401736041	0.0800833306731263	0.0511148050930048	0.789198018327898	-0.0704785362422502
"1996"	3	32943	5.86174377224199	1565263361615.97	27528.2382374432	298687980150.225	74.4250322901597	3545881094.09677	97.0283828602854	0.0591155767402523	0.000490733392728204	0.0112829544511186	0.0110019103710464	-0.00609860200298229	0.0389757243368694	-0.311496041546306	0.105373875494533
"1997"	3	34692	5.9	1594471360285.38	28027.0862051206	306414338081.826	75.9456142334327	3699857611.80497	96.4908918184694	0.0517303175385226	0.00650521953358751	0.0184881537251655	0.017959084222559	0.0255387482069942	0.0202251411657102	0.0425076609275479	-0.00555492391989443
"1998"	3	34933	5.78360927152318	1617561939340.79	28424.7845798522	316643480100.362	77.4363808444849	2634605953.58008	96.8233862768951	0.00692282836636515	-0.0199244216698229	0.0143777941731145	0.0140900540143427	0.0328382404322198	0.0194392249842705	-0.339560708036469	0.00343994028350192
"1999"	3	36516	5.82392344497608	1641034262999.01	28832.4042997899	331392152785.932	78.7184401299894	6942860356.75345	95.5934067765534	0.0443185795142611	0.00694623681615414	0.0144066513159764	0.014238442871422	0.0455259532218122	0.0164207302123245	0.968980217180651	-0.0127847079664498
"2000"	3	41181	6.08286558345643	1700991026355.35	29872.2875934861	350686732114.76	80.701608199317	13176403310.8984	90.7084881918632	0.120226464234797	0.0435017319554438	0.0358843466573084	0.0354313103459205	0.0565908981202554	0.0248810660719618	0.640713757158565	-0.0524529128075137
"2001"	3	39653	5.86582840236686	1732674152132.65	30411.6107517741	357933416975.18	82.9514207149407	14873909552.7108	91.9684671922132	-0.0378103776761272	-0.0363321808068173	0.018454929852993	0.0178932538386185	0.0204536591482167	0.0274966406572004	0.121181039447322	0.0137948322877532
"2002"	3	39799	5.71824712643678	1740496071398.45	30503.441312928	370537366485.119	84.9929172568955	14699160476.5557	94.2100964983914	0.00367517908509285	-0.0254814052063621	0.00450420335689472	0.00301503906198697	0.0346073108612508	0.0243127827740661	-0.0118182596483507	0.0240815869635522
"2003"	3	39604	5.73971014492754	1739685377907.43	30354.0072242591	368486592272.329	87.2677276893595	16537792207.3824	100.007499875002	-0.00491166308632884	0.00374639965678525	-0.000465891516000738	-0.00491096464255314	-0.00554996750106795	0.0264127965007832	0.117857816950178	0.0597178245754701
"2004"	3	37071	4.86496062992126	1769793508683.99	30680.1330723841	375936978010.726	89.2008999250065	16791130464.5435	101.826636222729	-0.0660951304701047	-0.165350088565446	0.0171585984373301	0.0106867713826215	0.0200171913074101	0.0219104052506367	0.0152025997906158	0.0180265404481386
"2005"	3	36513	4.52453531598513	1786275014006.62	30814.0575135465	373205417994.827	90.984084659612	19636818499.0314	100.597490041832	-0.0151666312296346	-0.0725437438129362	0.00926957578673537	0.00435568471170278	-0.00729253112905326	0.0197934689902839	0.156555500463796	-0.0121444149019849
"2006"	3	41058	4.81336459554514	1825553840487.83	31397.1260977482	393867603016.825	92.8672610615785	39007009353.8606	100.221662972283	0.117317339637886	0.0618814604161559	0.0217509614288645	0.018745364543685	0.0538858333351548	0.0204865758059034	0.686335058082719	-0.00374294486033566
"2007"	3	43654	4.8024202420242	1856279056972.99	31764.7628237878	404621920742.964	94.5587867677697	40042891549.593	101.059149014183	0.0613092149184702	-0.00227633176732978	0.016690561799134	0.0116412249251567	0.0269382821932354	0.0180505501087724	0.0262098113600864	0.00832161661683362
"2008"	3	42734	4.60992448759439	1834816174045.02	31190.1773709815	389128523625.721	97.7501874843766	-24909662511.2214	102.590790153497	-0.0213000597960882	-0.0409085311844657	-0.0116296781782239	-0.0182543707076377	-0.039043418092426	0.0331933935769779	NA	0.0150421848932911
"2009"	3	43239	4.85286195286195	1734003901473.55	29342.4687616964	323310825471.655	98.4834597116911	40353601486.0625	103.812436459392	0.0117480094482776	0.0513571475433248	-0.0565111705157122	-0.0610673050114894	-0.185295515511839	0.00747349550652121	NA	0.0118376111806597
"2010"	3	43626	4.59704952581665	1763885790470.28	29756.4549830212	344779022519.216	100	-5287645795.29718	99.9999999999996	0.00891043712690021	-0.054153934012219	0.0170860825166486	0.0140101702932398	0.0642895289143404	0.0152815736191974	NA	-0.0374155893143611
"2011"	3	46119	4.63507537688442	1771814582852.04	29838.8518703169	335377061344.331	102.741438213483	28002522666.1994	100.017499708338	0.0555717097025976	0.00823777115393232	0.00448499863413687	0.00276521572417998	-0.027648242264025	0.0270453375269559	NA	0.000174981773180427
"2012"	3	46360	4.4792270531401	1729863663436.92	29053.9450067746	299161396095.604	105.866177818515	6682511349.68315	98.1875302078296	0.00521200587297876	-0.0342019626678978	-0.0239616113490122	-0.0266570237442227	-0.114272241081871	0.0299602995958654	-1.43280073389005	-0.0184659440909405
"1980"	4	1602	0.576051779935275	11686833735.9742	1830.64438220147	4029916161.8276	NA	234594450.568507	220.061833848615	NA	NA	NA	NA	NA	NA	NA	NA
"1981"	4	2151	0.772074659009332	12331254286.9249	1881.14512205604	4635828752.67215	NA	295663767.442891	219.5209960083	0.294680001639426	0.29288370153364	0.0536741519937536	0.0272126725931106	0.14006941397448	NA	0.231364606802106	-0.00246068807277133
"1982"	4	1355	0.489346334416757	12270370233.741	1823.4575209247	4604050800.61192	NA	340281452.27431	218.436820306836	-0.462131395953929	-0.45601076478514	-0.0049496062693386	-0.0311462632450619	-0.0068784613847015	NA	0.140550188102878	-0.00495106092767283
"1983"	4	1439	0.510645848119233	12844858807.949	1860.18911256041	4503474783.74836	27.9695873938784	184157540.886133	215.925132709439	0.0601469735735662	0.0426058042859028	0.0457562063495267	0.019943720333548	-0.0220872518457647	NA	-0.613981484232315	-0.0115650810342594
"1984"	4	1580	0.514993481095176	13583289663.8501	1928.74593206298	4894967445.17709	30.4588806719336	113280411.98953	215.891799098326	0.093476419133645	0.00847794910512345	0.055896697566169	0.0361918596113231	0.0833583523631063	0.0852598439508241	-0.485925324894545	-0.000154387698692915
"1985"	4	2003	0.625741955638863	14350551697.1563	1976.56172980328	4278735333.31474	32.66847807605	107849549.88869	213.390944924541	0.237221209644805	0.19478383216209	0.0549480511791565	0.024488819555466	-0.134550142272939	0.0700330404552121	-0.0491290675193987	-0.0116514465151383
"1986"	4	1502	0.454875832828589	14142900948.4919	1887.57422771033	3478714351.09084	34.6822883684092	64229378.6437316	183.190693255777	-0.287848503341738	-0.318913587851949	-0.0145755888188788	-0.0460663078360399	-0.20699469687451	0.0598184952109091	-0.518276482035734	-0.152598255617255
"1987"	4	1875	0.521267723102585	15090669174.58	1963.71608846924	3417779107.97246	37.5351862825848	91714057.2911167	144.65953882949	0.221811106080431	0.13623928686488	0.064863818919207	0.0395461143698546	-0.0176718296852911	0.0790496589325445	0.356214946739357	-0.236144676489474
"1988"	4	3468	0.900779220779221	15101558405.155	1921.90005714899	2999750235.827	40.2365822650435	60619896.7324516	127.650230418587	0.614969399495921	0.546996415909715	0.000721326773145847	-0.021524331883005	-0.13046192602194	0.06949779449692	-0.414052495930775	-0.125089024687714
"1989"	4	3222	0.785662033650329	15365337216.9837	1930.63550589879	3950635033.67657	43.3512502444158	77950464.5865246	125.951882932358	-0.0735757741635119	-0.136733472273742	0.0173161982931411	0.00453491659067318	0.275347303532712	0.0745589550991772	0.251450387438602	-0.0133939962398921
"1990"	4	3204	0.72901023890785	16586853813.4743	2034.09862325546	4795538164.06726	46.1887166236462	76280834.914611	122.658522154352	-0.00560225554866989	-0.074838940275888	0.0764963002377748	0.0522035574092286	0.193809602451836	0.0633999958212463	-0.0216518294783228	-0.0264957007112336
"1991"	4	3224	0.728587570621469	17234495032.2167	2071.9019778578	4764742881.25668	49.9732884700283	125456831.403864	125.202710022583	0.0062227954382692	-0.000579951884483509	0.0383024579016933	0.018414231500695	-0.00644236067436665	0.0787530927431561	0.497540000456272	0.0205298521638069
"1992"	4	3540	0.737807419758233	18579772979.3653	2188.45604534392	5707273496.58778	52.8839052715184	525760373.874044	127.834398619989	0.0935039025013005	0.0125750165436913	0.0751606141948002	0.0547292777769899	0.180497837622902	0.0566104123192308	1.43288381943825	0.0208015615277368
"1993"	4	3656	0.737542868670567	18986638277.3344	2193.11089672816	5576721323.8334	54.9860174059279	561897566.604953	123.107692564105	0.0322429264462212	-0.000358628174713604	0.021661968447475	0.00212474358922066	-0.023140386082364	0.0389798795317433	0.0664740214935016	-0.0376761439028854
"1994"	4	3856	0.741823778376299	19590111683.8585	2222.26009980926	4863680749.11556	57.5886324294823	432008501.769142	124.082700689172	0.0532607231563951	0.0057875059755339	0.0312894497951213	0.0132037043259734	-0.136805520280305	0.0462462706425537	-0.262874299382148	0.00788876273603201
"1995"	4	4120	0.777358490566038	20050806502.9686	2238.43778989323	5108240743.67401	61.1845531868786	264340470.526038	126.630221918516	0.0662227866131353	0.0467899022743584	0.0232444445256021	0.00725346634690816	0.0490595607227853	0.0605695641828738	-0.491207334740377	0.0203229166161591
"1996"	4	3885	0.691281138790036	21483653272.2583	2363.62022072748	5667141414.42648	63.4637663436013	238337799.313409	126.823556862974	-0.0587301795418238	-0.117355022889348	0.0690229555003867	0.0544162281739871	0.103829763124168	0.0365743755242232	-0.103548941102972	0.00152560346810304
"1997"	4	4263	0.725	22652566691.4519	2458.2275302715	5963791213.58612	65.7814797225654	339087778.522934	126.18188484904	0.0928501539634627	0.0476250559585269	0.0529808321888083	0.0392461385903937	0.0510215576120849	0.0358692012528525	0.352570015330603	-0.00507240781389395
"1998"	4	4718	0.78112582781457	23736211695.3908	2543.17462155837	6227481083.86177	67.8373915902846	649849612.505214	126.44022033517	0.10141184320241	0.0745645931662219	0.0467286364765052	0.0339725775261437	0.0432655421250416	0.0307752057786068	0.650481963185115	0.00204523334165518
"1999"	4	4832	0.770653907496013	25173352557.5349	2662.18472673515	6474715998.78611	69.6623021245521	349849311.892769	127.39856165468	0.02387547964703	-0.0134968630510751	0.0587841951458508	0.0457339599062836	0.0389328147999315	0.026545771095515	-0.619238446417622	0.00755082312723676
"2000"	4	5058	0.74711964549483	26358982266.7695	2756.20664681021	6642852792.12822	71.7259140367199	752179569.800951	125.621880182335	0.0457106876152604	-0.0310140446640948	0.0460231030472151	0.0347082195104766	0.0256367631570065	0.0291927930099511	0.765472560746687	-0.014044008944178
"2001"	4	5387	0.79689349112426	27467386276.0216	2839.41720517921	7107601552.66645	73.1484779984482	451862342.19832	123.655197126643	0.0630174954506231	0.0644956923199344	0.0411902473845167	0.0297434906299676	0.067623343950995	0.0196392152523481	-0.50959750428499	-0.0157794201039643
"2002"	4	5064	0.727586206896552	27939013107.1704	2856.1949219651	6730109906.1123	75.1388721129671	790795273.375223	122.353519612663	-0.061831958856521	-0.0909885431479773	0.0170246840689572	0.00589147046535743	-0.0545733782425586	0.0268467088923448	0.559661533473868	-0.0105824678000577
"2003"	4	5114	0.741159420289855	29442020046.2606	2992.13602372615	7134311681.81127	77.1770835035106	540878957.410342	116.252635438629	0.00982519202711885	0.0184832547702343	0.0523988758657197	0.0464972294179695	0.0583243013132737	0.0267645375948993	-0.379843599061719	-0.0511488415811536
"2004"	4	5998	0.787139107611549	31095373939.8612	3130.70093228839	7429794736.97052	79.9803713104457	593673054.276845	112.04760039667	0.159444203457822	0.0601892453624813	0.0546361529981745	0.0452693979553143	0.0405824564880817	0.0356786787952581	0.0931332389538682	-0.0368419301019474
"2005"	4	6378	0.790334572490706	32282960678.4888	3218.96108071481	6998766383.96299	81.5942043762719	712714847.262544	106.600055000458	0.0614284882610487	0.00405137567774605	0.0374804976536218	0.0278017422447618	-0.0597643294367352	0.019976988697989	0.182752652552271	-0.0498397568649924
"2006"	4	6550	0.767878077373974	34108424910.3146	3367.76872898771	NA	85.2582031516477	3239909092.61659	105.518379319828	0.0266104810592953	-0.0288253981624358	0.0550048607322857	0.0451917651029738	NA	0.0439261015399994	1.51421914385201	-0.0101988783779747
"2007"	4	6762	0.743894389438944	36230688294.7019	3543.30894511564	NA	88.1710894331127	1515345043.99628	102.377519812665	0.0318536546385335	-0.0317318920472659	0.0603620840555976	0.0508105939588379	NA	0.0335947888875987	-0.759902106733673	-0.03021799388035
"2008"	4	7050	0.760517799352751	37948233465.4389	3673.98594869143	NA	92.5097209905177	2600674976.49756	101.684180701506	0.0417089125384837	0.0221004411501066	0.0463164511097141	0.0362161414435569	NA	0.0480346057113152	0.540127852838204	-0.00679541312724119
"2009"	4	6901	0.774523007856341	39316894912.4139	3766.1303989055	NA	95.7705164063038	1525244857.52902	100.514170951425	-0.0213612881857124	0.0182478499093334	0.0354313687286769	0.0247708926827368	NA	0.034641144884012	-0.533616058196017	-0.0115730202470861
"2010"	4	6903	0.727397260273973	40735443534.7059	3861.50889978348	NA	100	1334497694.56476	99.9999999999999	0.000289771082872647	-0.0627746000562448	0.0354442395119676	0.0250099588299442	NA	0.0432153103180752	-0.1335999971886	-0.00512853606263253
"2011"	4	4785	0.480904522613065	40639996776.5283	3807.45346329595	NA	103.608704550106	432666011.578487	98.2999858332153	-0.366470074816421	-0.413804013365086	-0.00234583804603972	-0.0140974304377544	NA	0.0354511610616637	-1.12634414675479	-0.0171463029528303
"2012"	4	5950	0.57487922705314	42302235929.0671	3925.05088648268	NA	109.311685653865	1554269128.7808	96.4666372219768	0.217905194652621	0.178491226111744	0.040087219545935	0.03041873252476	NA	0.0535819559939634	1.27879460595302	-0.0188266627377862
"1980"	6	1425	0.512405609492988	25330420140.9606	1269.72229438274	7858623230.32154	28.2190374688936	89416222.589514	142.885833333333	NA	NA	NA	NA	NA	NA	NA	NA
"1981"	6	1567	0.562455132806892	24630201035.9437	1205.24109890196	7533145353.78745	31.7443087366725	58581335.9912382	130.8325	0.0949911496532696	0.0931948495474837	-0.0280326762320691	-0.052118581714093	-0.0422987653001066	0.117716619158414	-0.422885979041748	-0.0881280639885231
"1982"	6	1815	0.655471289274106	26999376531.2982	1289.64035357301	8118058941.79074	35.0862883883288	79528177.1036931	128.84	0.14692250434293	0.153043135511719	0.0918403999663013	0.0676837548178186	0.0747784147581676	0.100096953060535	0.305695240433913	-0.015346554644319
"1983"	6	1877	0.666075230660043	26848843612.037	1252.07042898886	6847525133.19021	37.2644225017703	46123623.5045972	120.448333333333	0.0335892898875576	0.0160481205998941	-0.00559102272992007	-0.0295648595412574	-0.170203786453111	0.0602286412024879	-0.544786128645818	-0.0673504324979914
"1984"	6	1944	0.633637548891786	28013106167.6859	1276.02626927354	7244698419.17761	41.9029373277987	46989196.5550045	113.804166666667	0.0350729484338759	-0.0499255215946458	0.0424497265040955	0.0189522476339077	0.0563826562770231	0.117316876613897	0.0185924555596308	-0.0567417570004576
"1985"	6	2180	0.681037175882537	29784970595.0383	1326.13628620735	7872734429.49266	45.1414640427176	19975166.8598063	106.261666666667	0.11457717076275	0.0721397932800342	0.0613314457610556	0.0385188945117321	0.0831355029837511	0.0744452764824843	-0.855427869706705	-0.0685745292664608
"1986"	6	2128	0.644457904300424	32256917372.5412	1404.86513802535	7667639981.91228	49.0839205227968	549182.496104443	101.550833333333	-0.0241423053215994	-0.0552073898318101	0.079728588573893	0.0576716445806911	-0.0263965784620517	0.0837302926628296	-3.59381432226916	-0.045345111567177
"1987"	6	2248	0.62496524881846	31436080475.3023	1340.24643124712	7297637327.8693	50.408567908292	59574900.7832664	98.0841666666667	0.0548583605520463	-0.0307134586635038	-0.0257762194400755	-0.0470878100377474	-0.0494582313148726	0.0266296619046296	4.68655883479415	-0.0347335405180065
"1988"	6	2841	0.737922077922078	34710026167.1887	1449.7222690575	7782852226.07657	51.6027746344142	84661627.5741094	100.96	0.234115170840607	0.1661421872544	0.0990722907804411	0.0785184985352627	0.0643722389901669	0.0234142842169605	0.351428102163453	0.0288984451799976
"1989"	6	3468	0.845647403072421	35531478461.3266	1454.92523544615	9028538053.52794	53.2850093446578	167056032.101148	101.296666666667	0.199421956046244	0.136264257936015	0.0233904370465581	0.00358251522453923	0.14846757444694	0.0320795980175412	0.679666817967743	0.00332910635929906
"1990"	6	4024	0.915585893060296	36964977160.3282	1485.02616083513	9580101881.99946	56.8991151994194	165122977.794539	96.1999999999999	0.148698373879142	0.0794616891519245	0.0395518803356048	0.0204778740933529	0.0592977713027167	0.0656247498691358	-0.0116387614512554	-0.0516241474805419
"1991"	6	4162	0.940564971751413	39514840022.9995	1558.65650810852	9397620411.97281	61.4431729962742	317462140.572328	97.2408333333333	0.0337192951740057	0.0269165478512522	0.0667053969995344	0.0483918486302573	-0.0192317172242511	0.0768329404121832	0.653668052676451	0.0107613616010527
"1992"	6	4390	0.914964568570238	37922021904.5662	1469.81105890776	9366418008.83665	64.9701626627514	422470462.497987	97.7791666666667	0.0533334991156362	-0.0275953868419727	-0.0411443019020652	-0.0586903762792241	-0.00332576934629358	0.0558153972232214	0.285760964175015	0.00552081530789206
"1993"	6	4027	0.812386524107323	37538150994.3993	1430.64578180713	8512383693.78397	68.3376402337593	491466064.599827	100.556666666667	-0.0863075452177622	-0.118909099838697	-0.0101742205662312	-0.0270079231720146	-0.095608731829234	0.0505325877465328	0.151273359539754	0.028009881445815
"1994"	6	3465	0.666602539438245	41426365357.7293	1553.46928254882	8717039905.36525	71.8513372256136	550924373.94834	103.775	-0.150309049227451	-0.197782266408312	0.0985597468543205	0.0823647385913828	0.0237577115065868	0.050138507408219	0.11420465472488	0.0315036779126832
"1995"	6	2602	0.490943396226415	38700738302.9339	1428.78881825854	8904736383.78123	76.251212525628	92386207.5237384	107.110833333333	-0.286432252551553	-0.305865136890331	-0.0680588450725779	-0.0836635714512779	0.0213035932373025	0.0594340936330751	-1.78561984908832	0.0316390299708624
"1996"	6	2693	0.479181494661922	43428764301.2249	1579.34489401687	9418348974.7304	78.5286907775996	76412286.3537045	107.523333333334	0.0343754337391484	-0.0242494096083752	0.115263316038718	0.100183031875998	0.0560764920171231	0.0294307282902331	-0.189834198891358	0.00384375436845641
"1997"	6	3072	0.522448979591837	42461291998.4189	1521.86701517838	10175357839.5816	79.3439748211067	3568764.49373233	107.066666666667	0.131673001455964	0.086447903451028	-0.0225291090740214	-0.0370722564435901	0.0773090940678074	0.0103284667816181	-3.06392404368595	-0.00425618487392132
"1998"	6	3095	0.512417218543046	45712158446.8288	1615.77950139663	11639311335.4566	81.5284043507209	11869540.2175684	109.758333333333	0.00745909085113361	-0.0193881591850544	0.0737714272664505	0.0598796230585776	0.13441937771298	0.0271589667603154	1.20175601733645	0.0248292858124977
"1999"	6	3817	0.608771929824561	45954166439.9589	1603.21588297714	11312845971.5836	82.0866966848617	2651865.40457141	109.804166666667	0.209676867626532	0.172304524928428	0.00528020635070803	-0.00780596472763939	-0.0284493852506884	0.00682448621689513	-1.49871215442979	0.000417496922286098
"2000"	6	4278	0.631905465288035	46686017638.8396	1608.98949524701	11539962439.4938	83.6419396156825	220739724.493672	112.135	0.114020836897122	0.0372961046177668	0.0158001936505805	0.00359480033656023	0.019877114582961	0.0187690989547606	4.42172097162902	0.021005026438969
"2001"	6	4380	0.64792899408284	50211723276.3466	1710.93669721997	12644214353.4717	84.1603539259561	143838237.278239	107.58	0.0235631137281409	0.0250413105974519	0.0728038191534104	0.0614346574494933	0.0913837409243214	0.00617889003416394	-0.428294974332132	-0.0414687457331562
"2002"	6	4453	0.639798850574713	51876762053.6508	1748.90070966213	13346411884.2567	86.513157334121	79160963.9538137	107.116666666667	0.0165293019512109	-0.012627282340245	0.0326224144384781	0.0219464279571957	0.0540478288164614	0.0275725559049897	-0.597206017964126	-0.00431617369590764
"2003"	6	4761	0.69	55153800018.6099	1840.62101239695	15829202523.4578	87.5234006054234	2312682906.91974	106.1225	0.0668797038728162	0.0755377666159309	0.0612547013817917	0.0511155967665777	0.170608919073082	0.0116096828201142	3.37468026319858	-0.00932449592118179
"2004"	6	5477	0.718766404199475	57802211815.6646	1910.19340713926	17382562693.9802	88.8305136099595	787053818.994982	104.7425	0.140099775589203	0.0408448174938614	0.0469013949981125	0.0371014757986163	0.0936110646356738	0.0148240196078495	-1.07786693006372	-0.01308913003444
"2005"	6	5843	0.724039653035936	59523857868.0203	1948.20199738706	17141003948.1105	89.7033992434971	1670609688.92878	102.055	0.0646868577707149	0.00730974518741323	0.0293501631021549	0.0197023973872348	-0.0139940748580045	0.009778451330412	0.752647290895801	-0.0259930735475615
"2006"	6	6558	0.768815943728019	64142821235.6721	2079.62719428619	18625413888.3751	92.6499421181292	2460787164.18439	102.584166666667	0.115441314850157	0.0600054356284263	0.0747349741312355	0.0652817495310938	0.0830535013570533	0.0323196639564189	0.387292641207761	0.00517171619430368
"2007"	6	7408	0.814961496149615	65878381261.0972	2116.00852980198	21060568304.3068	94.5419328060507	2825801376.44065	101.6425	0.121874818921421	0.0582892722356221	0.0266981550993997	0.0173429009525465	0.122875505138214	0.0202151414822023	0.138310713246483	-0.00922184507533164
"2008"	6	7879	0.849946062567422	69559043367.9155	2212.61103105197	23760691932.8005	98.046902022275	2466288357.37234	102.171666666667	0.0616404949196721	0.0420320235312964	0.0543656027878825	0.0446417350818384	0.120630124469717	0.0364024867694397	-0.136077666300132	0.00519265038678629
"2009"	6	8341	0.936139169472503	72868904038.5768	2293.29633744891	24792033637.08	99.0222980607374	1970323920.01346	104.295	0.056982120995924	0.0965912590909695	0.0464860548415764	0.0358169510535635	0.0424897614347906	0.00989910146425288	-0.224516375510881	0.0205690170673272
"2010"	6	9288	0.978714436248683	75523499823.6623	2348.58603212284	24400112142.4555	100	1240626687.99643	99.9999999999999	0.107540131136115	0.0444757599969971	0.0357818721520147	0.0238232273898848	-0.0159346489651995	0.00982512827789073	-0.462581310141978	-0.0420532362310011
"2011"	6	9342	0.938894472361809	79288834997.3644	2432.8244167898	25208646768.2159	100.922360320059	2521364644.76384	97.74	0.00579711768432567	-0.041536820864339	0.0486534604761992	0.0352394352170524	0.0325993330951917	0.00918132554197726	0.70918363515699	-0.0228592941460812
"2012"	6	9375	0.905797101449275	81425402862.0203	2462.17455949656	25817951542.4503	102.212896134542	2841955516.73253	95.7316666666667	0.00352620977655782	-0.0358877587643184	0.0265899745517331	0.0119920329227039	0.0238829848065514	0.0127063435483352	0.119692096801529	-0.0207617529583475
"1980"	8	23403	8.41531823085221	547164302653.181	14614.8078510352	119164992267.824	21.2978760428782	1492697189.6098	91.8201363310608	NA	NA	NA	NA	NA	NA	NA	NA
"1981"	8	24742	8.88083273510409	546439481669.991	14478.8402605937	108916235029.731	24.3982162878162	1706766879.37235	86.5018916351391	0.0556379851663529	0.0538416850605681	-0.00132556434005338	-0.00934695984680545	-0.0899299216412004	0.135902675222071	0.134016189142613	-0.05966534127126
"1982"	8	26106	9.42795232936078	553250640636.103	14581.1739705618	110508256610.306	27.9135010604858	1782685065.75119	86.3327277878699	0.0536629685259591	0.0597835996947476	0.0123875734200887	0.00704295133237665	0.0145111377949725	0.134600454090462	0.0435198245786523	-0.00195752334633159
"1983"	8	25583	9.07842441447835	563043817443.73	14769.3584121759	108068166458.865	31.3126535596709	1622388936.13355	75.7304044932582	-0.0202371045682455	-0.037778273855908	0.0175463167270955	0.0128234144380421	-0.0223280396865846	0.11491180217521	-0.0942209766731743	-0.13102903460002
"1984"	8	27176	8.85788787483703	573092390230.545	14971.6229047331	106201658398.88	34.8429441879032	1771829759.76171	77.9987000216661	0.0604061624599304	-0.0245923075685921	0.0176894896038284	0.0136019460053856	-0.0174224744404761	0.10682837144692	0.0881130602512421	0.0295124357951178
"1985"	8	27477	8.58388003748829	586396362470.4	15263.2592115057	111661099823.827	37.9152300072241	1967804468.48447	79.4536757720702	0.011015060230676	-0.0314223172520389	0.0229490041871472	0.019291978761883	0.0501286650957766	0.0845022241444999	0.104905663050694	0.018481996975007
"1986"	8	29910	9.05814657783162	605473722690.51	15712.0547126704	125137439457.736	41.2504445131423	3450598177.3475	84.5835902734952	0.0848435815528976	0.053778497042686	0.0320152169488637	0.0289796520406931	0.113944259349214	0.0843090102730608	0.561629162503177	0.0625661222626563
"1987"	8	32900	9.14651098137337	639060092517.07	16542.7524581945	141279137457.224	43.4145498566733	4570700793.28042	87.9752004133261	0.0952797851294687	0.00970796591391876	0.0539873271057658	0.0515198541472053	0.121324982696603	0.0511327462775402	0.28111893884833	0.0393146818769203
"1988"	8	35000	9.09090909090909	671615885610.705	17347.3113197312	162242332443.307	45.516022063943	7020568173.67177	91.7976367060546	0.0618754037180871	-0.00609757986811799	0.0496880868510168	0.0474894392466076	0.138353465162986	0.0472697621696612	0.429177611582418	0.0425315920759104
"1989"	8	38867	9.47744452572543	704034987898.579	18149.2202654583	180967989369.65	48.6072283098429	8428379548.62268	97.2592123464605	0.104797500051424	0.0416398019411934	0.0471414753379875	0.0451900719854663	0.109229064514782	0.0657078532563378	0.182760377990597	0.0577931531580997
"1990"	8	37411	8.51217292377702	730657320884.159	18806.9276671975	192267367270.312	51.8726329659697	13983611812.0265	103.8424359594	-0.0381807827174079	-0.107417467444626	0.0371165149145867	0.0355976956878763	0.0605667798983802	0.0650190974357887	0.506281529916794	0.0654950049471879
"1991"	8	38539	8.70937853107345	749259860410.566	19241.863364731	195050092268.464	54.9514430703179	12492782828.6164	104.644089265178	0.0297059367581785	0.0229031894354264	0.0251412979273766	0.0228629941316978	0.014369467790555	0.0576585940829188	-0.112734955237233	0.0076902548567741
"1992"	8	36492	7.60566902876198	756222098688.31	19356.6866653888	187919122834.423	58.2077137274067	13275723087.2105	104.225762903951	-0.0545776570983794	-0.13550654305599	0.00924924788335346	0.00594963485825595	-0.0372447364237338	0.0575679422055115	0.0607859316377564	-0.00400562279544125
"1993"	8	37268	7.51825701028848	748421729943.65	19097.5552048169	166213867848.834	60.8670123045042	9681480382.31084	92.9092848452522	0.0210419911049513	-0.0115595635159833	-0.0103684851896091	-0.0134775967729386	-0.122736352911733	0.0446734738563839	-0.315722213838463	-0.114935758180311
"1994"	8	43232	8.31704501731435	766258081532.49	19500.1584180613	171979976926.638	63.7390025734893	9215766126.7291	88.6001899968331	0.14844591218961	0.100972695008748	0.0235524048777442	0.0208622624277339	0.0341027371522848	0.0461053024231113	-0.0492990948949519	-0.0474895832960955
"1995"	8	34920	6.58867924528302	787387602402.278	19991.044318037	185039854315.926	66.7186435454237	8085535585.28337	90.12516458059	-0.213521230806387	-0.232954115145165	0.0272015993489596	0.0248617996307612	0.0731931737919354	0.0456877667835629	-0.130838991607934	0.0170654196978486
"1996"	8	36221	6.44501779359431	806684806368.986	20433.6847282949	189189086158.136	69.0928308668314	9623214731.56096	92.010133164447	0.0365793301585136	-0.0220455131890105	0.0242123840589805	0.02190036209889	0.0221757401887466	0.0349665479833723	0.17410164538504	0.0206992923351841
"1997"	8	39553	6.72670068027211	837977725108.292	21170.455805923	198203173162.052	70.4544491520136	8937220784.11684	87.8977017049713	0.0880024835572168	0.0427773855522822	0.0380585016483757	0.0354218643929212	0.0465456608667161	0.0195154144064027	-0.0739537139404867	-0.045725056427373
"1998"	8	41892	6.93576158940397	875418231938.486	22039.119148904	222191702532.213	71.7462575874044	14282263312.4555	88.2418626356224	0.0574533332237674	0.0306060831875787	0.0437102324076939	0.0402124018029468	0.114247902501926	0.0181693045394367	0.468793773028239	0.00390782581887006
"1999"	8	45440	7.24720893141946	916854613758.215	22963.6943216986	246741913567.101	73.4040784128227	18523395457.6575	87.6885385243576	0.0812978965019973	0.0439255538038907	0.0462471626467185	0.0410954435555855	0.104802371843039	0.0228438040653964	0.260016112837221	-0.00629028220356709
"2000"	8	46403	6.85420974889217	963133737012.718	23920.9341104972	261776725123	75.9237572903375	38835164707.5982	85.6610723154611	0.0209713379016705	-0.0557533943776822	0.0492433633915894	0.040839518741187	0.0591490402381289	0.0337501449184723	0.740291590618366	-0.0233927108793219
"2001"	8	48565	7.18417159763314	998475260757.194	24498.852592461	273345176928.814	78.6502560032155	28163625949.3615	87.2360460658986	0.0455389945397275	0.0470171914090369	0.0360370985830691	0.0238723037310749	0.0432434346286534	0.0352812412640624	-0.321294857670992	0.0182191274313288
"2002"	8	50331	7.23146551724138	1025535761918.08	24752.5270934315	282693892841.726	81.0622841777811	39993217336.4126	89.2285128581187	0.0357180826020791	0.00656149831062369	0.0267410734280027	0.0103013050942629	0.0336292806221259	0.0302069151888498	0.350678587739235	0.0225830215687894
"2003"	8	50854	7.37014492753623	1057219090336.85	25059.921935364	297794962817.663	83.5264842979645	25606884148.1965	93.5309411509805	0.0103375926779741	0.0189956554210897	0.0304267904482529	0.0123422457664173	0.0520405439573501	0.0299459591322657	-0.445848645772131	0.047091663568815
"2004"	8	52430	6.88057742782152	1091677043453.72	25434.0364854283	313272741678.512	86.0635897471475	24791557810.2569	95.499241679305	0.0305201644500936	-0.068734793645248	0.0320731247920882	0.0148184617576046	0.0506689848159994	0.0299226798970516	-0.0323580430328185	0.0208260039712282
"2005"	8	55914	6.92862453531598	1130798885738.45	25904.1731517103	333998656916.878	88.9636869922964	30531058334.9647	96.4542257629036	0.0643358494471311	0.00695873686382931	0.0352092756345321	0.0183157851633293	0.0640627814873547	0.0331418364654281	0.208241287214609	0.00995024445784409
"2006"	8	58004	6.8	1176892752325.52	26508.1941620286	360842909018.554	92.0914765134147	41428626096.2024	97.9108681521971	0.0366971776540765	-0.0187387015676548	0.039953343144731	0.0230498175821197	0.0773057367905174	0.0345541178284154	0.305227621931969	0.0149890047834091
"2007"	8	58666	6.45390539053905	1217839024380.02	26927.3736722009	375881530837.955	94.6577929437908	83392538534.074	99.5341744304258	0.0113483689834624	-0.0522371777023367	0.0342002920546918	0.0156894789701756	0.0408313076317199	0.0274858156115281	0.699586745856241	0.0164434906418558
"2008"	8	57192	6.16957928802589	1228698452594.65	26737.5118252687	360050622435.1	98.5157812723054	77884454330.3994	102.322461292312	-0.0254463142045616	-0.0450547855929375	0.00887744384473521	-0.00707586114590342	-0.0430293767442329	0.039948542717025	-0.0683324656836639	0.0276281650244306
"2009"	8	52178	5.85611672278339	1181610250581.24	25486.0907799353	294154026706.112	98.2320778374214	19427271413.8679	102.548290861819	-0.0917530783521698	-0.0521439402571247	-0.0390773131386943	-0.047934672944427	-0.20214110892794	-0.0028839310658757	-1.38854855173993	0.00220460615875062
"2010"	8	52667	5.54973656480506	1179232117935.55	25317.9622063606	281886636656.402	100	45382074663.4812	99.9999999999997	0.00932812334037258	-0.0537362477987462	-0.00201464823045328	-0.00661873128096424	-0.0425985380686704	0.0178373657466393	0.848439373959597	-0.0251636320025224
"2011"	8	56177	5.64592964824121	1179825331621.24	25240.8484606963	266195162199.929	103.196242971911	34098152765.3654	100.622489625173	0.0645183470111252	0.0171844084624602	0.000502924333876109	-0.00305045963083828	-0.0572752602011697	0.0314622610857409	-0.285873984161576	0.00620560161506933
"2012"	8	57701	5.57497584541063	1160459014905.16	24816.6733667669	247953495485.442	105.720334974726	33231832533.6173	98.350860818986	0.0267670839225254	-0.0126468846183505	-0.0165507741180093	-0.0169479123792229	-0.0709885218645034	0.0241648111658055	-0.0257349839084391	-0.0228344901985027
"1980"	10	4145	1.49047105357785	469634453479.207	6675.39929639128	132569415824.187	0.0780829846015866	2090000000	117.45804236596	NA	NA	NA	NA	NA	NA	NA	NA
"1981"	10	4031	1.44687724335966	510833608181.965	7103.17053494417	152221288915.022	0.0998901012767982	3078000000	134.767753870769	-0.0278883044522296	-0.0296846045580157	0.0840892836437241	0.0621122164078205	0.138228908996997	0.246298428134653	0.387115969439968	0.137471771686701
"1982"	10	3768	1.36078006500542	507626070623.95	6914.40425712485	114875861239.999	0.158749709501232	1901000000	96.4675588740185	-0.0674701274209131	-0.061349496252123	-0.00629882209324606	-0.0269344294432958	-0.281483232411627	0.46325821343083	-0.481899971910398	-0.334346180899974
"1983"	10	4749	1.68523775727466	486324575210.826	6494.69094473261	83252833965.6573	0.320292298481336	2192000000	84.7952534124429	0.231389712852868	0.213848543565204	-0.0428688438727924	-0.06262174372233	-0.321969907929677	0.701905203764491	0.142434305579478	-0.128967207031928
"1984"	10	4654	1.51694915254237	503881772195.188	6599.53468382224	88298291499.9614	0.530211394241679	1542000000	99.7241712638119	-0.0202070046868847	-0.105205474715406	0.0354654103598051	0.0160140786723204	0.0588385887007483	0.504041772461488	-0.351734093944632	0.16216852022058
"1985"	10	4207	1.31427678850359	516949362154.767	6639.52886829829	98435945001.674	0.836399869210976	1984000000	102.282461958967	-0.100977260271716	-0.143414637754432	0.0256032625938012	0.00604186330569334	0.108685273475377	0.455831027099477	0.252034733721544	0.0253301333672988
"1986"	10	4625	1.40066626287099	497543497274.209	6265.48459134325	79299177492.4957	1.55765990520609	2036000000	71.5963067282209	0.0947265663560053	0.0636614818457943	-0.0382619396857464	-0.0579850730673552	-0.216178275599454	0.621833102077618	0.0258720898255973	-0.356694730281152
"1987"	10	5407	1.5031971087017	506776645758.029	6256.56552376033	83826144184.8006	3.61107116753659	1184000000	65.9447342544289	0.156218039435478	0.0706462202199287	0.0183873811296742	-0.00142453815617039	0.0555171854562673	0.840819816362171	-0.542088562226464	-0.0822264591646054
"1988"	10	14152	3.67584415584416	513088234975.12	6209.06605633436	93652572138.9775	7.73353120303505	2011000000	81.7453042449289	0.962161546457617	0.894188562871411	0.0123774627696491	-0.00762090504774271	0.110846952014892	0.761561125635447	0.529733574328702	0.214791336235084
"1989"	10	14962	3.64837844428188	534629183757.513	6339.95854962513	95127753846.4584	9.28085614705218	2785000000	87.6843719271343	0.0556576965927285	-0.00750000151750041	0.0411255637261903	0.0208617393835304	0.0156288715699766	0.182388223491941	0.325615762588733	0.0701353165656728
"1990"	10	17174	3.90762229806598	561725828425.396	6525.85246142392	106115993205.945	11.7544498091405	2549000000	89.6685055249076	0.137882958800081	0.0686462740728617	0.0494404889702125	0.0288993595905929	0.109312005828329	0.236278076291481	-0.0885467479852693	0.0223759141719073
"1991"	10	16066	3.63073446327684	585443301236.127	6661.08402655853	116668414048.846	14.4181858431966	4742000000	98.3266945550903	-0.0666913744986726	-0.0734941218214247	0.0413554590730598	0.0205106479534187	0.0948030719079256	0.204258439505172	0.620757862249235	0.0921759539573497
"1992"	10	17146	3.57357232180075	606687040601.123	6759.14802434944	132202836389.335	16.6542366093796	4393000000	106.360727321211	0.0650596725049439	-0.0158692134526666	0.0356437340948084	0.0146146121534567	0.125001539212672	0.144174319508298	-0.0764466226495699	0.0785408522543705
"1993"	10	16440	3.31652208997377	631327184921.401	6888.17054861846	116265817587.462	18.2782795811024	4389000000	114.404759920668	-0.0420475206285307	-0.0746490752494644	0.0398111720103671	0.0189086768600752	-0.128458281997485	0.093048811704509	-0.000910954287547838	0.0729062811303747
"1994"	10	17182	3.30550211619854	661172261085.274	7068.21802977808	132019800318.648	19.5515039843635	10972500000	109.719004683255	0.0441449345878304	-0.00332828259303075	0.0461901664275928	0.0258028743605969	0.127072813271216	0.0673387668412904	0.916290731874156	-0.0418200911749569
"1995"	10	20241	3.81905660377359	623097450585.385	6531.92326852388	103056247723.484	26.3943886307231	9526290000	73.7162713954765	0.163847926097533	0.144415041758756	-0.0593114846449687	-0.078906973403706	-0.247676980174024	0.300099222074499	-0.141336797666852	-0.397699041004337
"1996"	10	21405	3.80871886120996	659702972014.333	6786.9605720553	121884875757.597	35.4681613352318	9185600000	82.7936201063313	0.0559142892835123	-0.00271055406401199	0.0570867632782139	0.0383017803433265	0.167802024315204	0.295483994568746	-0.0364183044821651	0.116127452967691
"1997"	10	19351	3.29098639455782	705637356375.022	7129.91449643049	138430026244.212	42.7839960747229	12829800000	95.3242445959231	-0.100880441869899	-0.146105539874835	0.0673117546810609	0.0492960338973063	0.127288014392029	0.187528678911031	0.334133549610272	0.140933174633873
"1998"	10	19810	3.27980132450331	738815312900.315	7338.33559033114	151165154286.507	49.5986288449114	12756764558	96.0542324294592	0.0234427629834482	-0.00340448705273855	0.0459465288301892	0.0288128158334722	0.0880080038327833	0.147799079919805	-0.00570890556222636	0.00762877189962108
"1999"	10	19043	3.03716108452951	758519614430.567	7413.44290757708	160536519793.408	57.8248615571846	13880522690	104.323261278978	-0.0394872807337787	-0.0768596234318857	0.0263206831242755	0.0101829032011	0.0601484782238124	0.153455624852804	0.0844249276713214	0.0825814068496706
"2000"	10	20641	3.04889217134417	798694407368.499	7689.09861162806	174156355431.147	63.3153432289868	18110008381	112.808119864669	0.0805798090754397	0.00385507679608654	0.0516097457769327	0.0365085996908281	0.0814320358111935	0.0907088749164044	0.265978122527606	0.0781939611392204
"2001"	10	19810	2.93047337278107	793858373511.829	7536.16195613964	163997220071.906	67.3437821624961	29860771631	120.086331894468	-0.041092528341661	-0.0396143314723501	-0.00607332928567317	-0.0200905329559049	-0.0601040132526549	0.0616828884627942	0.500080898726544	0.0625225954794226
"2002"	10	19667	2.8257183908046	794905609001.193	7448.26031596866	166454806173.725	70.7319081365605	23932305855	120.1204979917	-0.00724475646394218	-0.0364013407553982	0.00131830234390762	-0.0117325375507065	0.0148743612840008	0.049086211113333	-0.221316377789819	0.000284472323111018
"2003"	10	18665	2.70507246376812	806214502504.701	7461.05884591639	172211496162.288	73.9488928749965	18554099227	107.541540974317	-0.0522919918799705	-0.0436339291368553	0.0141264624504167	0.00171685010596079	0.0339995121060888	0.0444774293420336	-0.254538508386943	-0.110618188299743
"2004"	10	20601	2.70354330708661	840847173784.228	7687.28523031744	186949228127.979	77.4158261534392	24820542066.112	103.363277278712	0.0986895059401025	-0.000565452155239288	0.0420600845821006	0.0298703546291303	0.0821137223632213	0.0458170141804093	0.290980872201686	-0.0396274536423391
"2005"	10	21915	2.71561338289963	866346483685.297	7823.82549787716	192945439752.49	80.502837651072	24668877660	107.852369127181	0.0618317155641233	0.00445460298082101	0.029875001357734	0.0176059338200396	0.0315703807032151	0.0391012021663828	-0.00612918404571516	0.0425135925167277
"2006"	10	21606	2.53294255568581	909675810818.808	8113.65175304588	214309070924.5	83.4245890551947	20698632180	108.078198696688	-0.0142002799759791	-0.0696361591977096	0.0488033590112558	0.0363744155507923	0.105011776386842	0.0356506645790375	-0.175474815556772	0.00209168765793155
"2007"	10	21370	2.35093509350935	938314459589.249	8264.91637046695	222249600123.174	86.7339077248804	32183876490	106.907384876918	-0.0109829845637375	-0.0745685312495368	0.0309968533982428	0.0184715681124743	0.036381845428739	0.0389018011827558	0.441397977191755	-0.0108921293752164
"2008"	10	22931	2.47367853290183	951453584529.148	8275.80945804553	235991638144.615	91.1794630517248	28336685790	105.161580640322	0.0705016375777952	0.0508931661894184	0.013905766590284	0.00131712347647905	0.0599952976356981	0.0499847859968883	-0.127308314196235	-0.0164648671869694
"2009"	10	22346	2.50796857463524	906732031722.361	7788.27176085274	204534369396.343	96.0084688446498	17055469560	92.0726321227976	-0.0258423727837052	0.013766765311341	-0.048143942344467	-0.0607177544620328	-0.143060345938061	0.0516067188229057	-0.507686335229078	-0.1329202853924
"2010"	10	23290	2.45416227608008	953067840505.294	8084.62900017964	213782953398.668	100	23027389050	99.9999999999997	0.0413767497711035	-0.0216876213680151	0.0498391255453399	0.0373456228320954	0.0442252370119753	0.0407337812793891	0.300213388122806	0.0825924408185132
"2011"	10	23403	2.35206030150754	991615763211.606	8307.68699592443	225343299290.79	103.407379616712	23553049050	100.401659972333	0.0048401353780374	-0.0424938031706289	0.0396496093988716	0.0272166257304711	0.0526637501374942	0.0335061431402446	0.0225709477028779	0.00400855472183625
"2012"	10	23403	2.26115942028986	1031112704873.52	8532.34780295426	238204921908.573	107.658982866409	17223652740	97.5367077215376	0	-0.0394139685408765	0.0390580973386392	0.0266833340234012	0.0555063056133562	0.0402923363136356	-0.312971684963191	-0.0289499441088257
"1980"	11	383	0.137720244516361	12539518149.3888	2152.44277301392	2313899623.69586	1.48548272978422	92700000	140.315	NA	NA	NA	NA	NA	NA	NA	NA
"1981"	11	451	0.161880832735104	13076192899.5722	2193.23182594291	2000528332.43846	1.59711139295278	79700000	142.428333333333	0.163432350322033	0.161636050216246	0.0419081315603371	0.018772804955141	-0.145522938104833	0.0724568281872452	-0.151098886775642	0.0149490540736306
"1982"	11	460	0.166124954857349	13298319325.4561	2179.91476365117	1756074776.50339	1.71923041209371	-1400000	144.171666666667	0.0197591499804624	0.0258797811492517	0.0168444197974935	-0.00609039883890894	-0.130330234156972	0.0736801376876068	NA	0.0121657699599282
"1983"	11	502	0.178140525195174	13913758401.1821	2229.63319560381	1951671290.12868	1.81599941555477	48200000	137.750833333333	0.0873736302085879	0.0698324609209247	0.0452405028936909	0.0225513088723384	0.105604999623704	0.0547592024806844	NA	-0.0455582215618442
"1984"	11	562	0.183181225554107	14088083322.0115	2207.60920565267	1725686297.43037	2.18195377217247	68500000	96.1374999999999	0.112901730201962	0.0279032601734406	0.012451121943041	-0.00992696310965702	-0.123061252416765	0.183584742849691	0.351474724211627	-0.359667039238326
"1985"	11	660	0.206185567010309	13789058822.7787	2113.68813365594	1642061359.85456	3.17116816481464	36200000	110.7325	0.16073798512678	0.118300607644064	-0.0214538468013892	-0.043475770279068	-0.0496724456378139	0.373879325060445	-0.637774626436453	0.1413379245126
"1986"	11	747	0.226226529376136	14274708541.3908	2141.28261793396	2076946444.73172	3.41341283411136	50000000	101.454166666666	0.123825350112346	0.0927602656021356	0.0346138991468621	0.0129706513898951	0.234946380341047	0.0736125956574658	0.322963886596419	-0.087510246332144
"1987"	11	902	0.250764525993884	15718933250.4515	2308.2822073039	2652236838.02813	3.87595497882783	89000000	82.965	0.188549334929807	0.102977515714256	0.0963765873945377	0.0750986110320797	0.244504614129973	0.127079456675986	0.576613364303995	-0.201188304448876
"1988"	11	1116	0.28987012987013	16057827682.9154	2309.17702551502	2507893779.04318	5.57609737276069	106100000	69.44	0.212891622878632	0.144918639292426	0.0213305114742326	0.000387580345467597	-0.0559601047564264	0.363697057547882	0.175745675887796	-0.177955761762656
"1989"	11	1400	0.341380151182638	16764458627.2017	2361.52030574424	2851995314.40961	7.84322236520788	110000000	83.6233333333333	0.226721372662094	0.163563674551864	0.0430646507640908	0.0224144139356541	0.128575590616649	0.341160629749337	0.0360983201724778	0.185859517653542
"1990"	11	1533	0.348805460750853	15850072671.3683	2187.68734783645	2607776229.32215	11.8011068228295	132800000	82.2683333333333	0.0907543632684646	0.0215176785412463	-0.0560870022936477	-0.0764606286731624	-0.0895210208938622	0.4085435597289	0.188363871249919	-0.016336325528445
"1991"	11	1321	0.298531073446328	15999719375.9723	2164.35030353141	2391626730.99771	17.3569684801349	145000000	83.0216666666667	-0.148837574349489	-0.155640321672242	0.00939709782709031	-0.0107247546369695	-0.0865240637454718	0.38580074164516	0.0878895053782394	0.0091153554300103
"1992"	11	1415	0.29491454772822	17681798991.4716	2344.93524850556	2919883042.106	18.0962063480228	179700000	83.6366666666667	0.068740505555013	-0.0121883804025971	0.0999646218600709	0.080137563268825	0.199569786407231	0.0417082550091488	0.21455505136894	0.00738040251935601
"1993"	11	1609	0.324591486786363	18958888383.8865	2465.97360211504	3282718272.65432	19.0463184924915	189300000	87.2508333333333	0.128483336915045	0.0958817822941112	0.0697370606219359	0.0503289110070089	0.117128259437479	0.0511715056372442	0.0520442644257635	0.0423050917087426
"1994"	11	1717	0.330319353597538	19395560192.8238	2475.70480148074	3739169718.66974	20.6196906729848	206800000	87.7291666666667	0.0649657139050923	0.0174924967242305	0.0227713182714879	0.00393842381047715	0.130191765582833	0.0793726492569116	0.088419084418998	0.00546730511873594
"1995"	11	1776	0.335094339622642	20461080369.7288	2564.6988680735	3630008717.11542	23.2045667356814	414300000	91.115	0.0337850626546397	0.0143521783158622	0.0534803792862313	0.0353159476126521	-0.0296285367419422	0.118102624190494	0.694838206449081	0.0378680276839818
"1996"	11	1926	0.34270462633452	21920235176.7529	2700.01184651397	3984735638.97443	24.4574494804505	96500000	93.5875	0.0810816688059557	0.0224568254584321	0.0688856277647645	0.0514150892288647	0.093235921330816	0.0525857503850498	-1.45704734073842	0.0267743826187852
"1997"	11	2211	0.376020408163265	23674790956.9429	2867.41384685984	4631743922.48667	26.4865782970946	420600000	97.9858333333332	0.137999588499375	0.0927744904944394	0.077000618448249	0.0601543642845463	0.150462483291307	0.0797032735915715	1.47213925492366	0.0459260828411487
"1998"	11	2309	0.382284768211921	25334535313.6759	3018.6991573315	6563444218.03069	27.7663211855628	699800000	95.8608333333333	0.0433696284970493	0.016522378460861	0.0677576877481627	0.0514154711020964	0.348582044105452	0.0471856927973602	0.509112316664986	-0.0219254234710666
"1999"	11	2649	0.422488038277512	27035839066.5811	3170.28803129184	6465136766.82192	29.5629526232083	1337800000	95.215	0.137367679917574	0.0999953372194685	0.064994861575002	0.0489964493827149	-0.0150913314497494	0.0626981587259543	0.647987172750721	-0.00675999451610565
"2000"	11	2978	0.439881831610044	28565149660.2812	3297.21361345377	7087310459.14863	31.8464351894633	952900000	99.2941666666667	0.117069723971885	0.0403449916925305	0.055024072791241	0.0392553068728656	0.0918817587580953	0.0744034739199226	-0.339271786330166	0.0419493323696694
"2001"	11	2882	0.426331360946746	29081958770.2591	3305.03169346681	6810701299.86202	34.6753758383713	1079100000	103.738333333334	-0.0327674366844875	-0.031289239815176	0.0179305769323896	0.00236831056824904	-0.0398108299695892	0.0851043542516332	0.124372673015547	0.0437848782082151
"2002"	11	2811	0.403879310344828	30765282834.3025	3443.13197278765	7046884748.68337	36.4865982189323	916800000	97.5041666666666	-0.0249442056529352	-0.0541007899443913	0.0562688651453449	0.040935451567357	0.034090543797813	0.0509152160520916	-0.162993293409212	-0.0619765908552443
"2003"	11	3282	0.475652173913043	30687336281.2199	3382.89720206258	5075407407.36925	46.5020646184226	612990000	72.1225	0.154912700743504	0.163570763486619	-0.00253680302013848	-0.0176490116599446	-0.328178840527293	0.242551690923602	-0.402540723371029	-0.30152904995096
"2004"	11	3450	0.452755905511811	31089941311.2614	3376.62949955317	4958346596.49192	70.4324269115352	909040000	77.5858333333333	0.0499212383753687	-0.0493337197199719	0.0130342658552181	-0.0018544802269016	-0.0233344613371891	0.415157054651011	0.394040475020304	0.0730187882031252
"2005"	11	3691	0.457372986369269	33969724872.4638	3635.70681222282	5608250704.53606	73.3836882985502	1118400000	103.9075	0.0675231930045932	0.0101460804212906	0.0885853466428443	0.0739255158724763	0.123166515853459	0.0410479140038431	0.207265273869794	0.29211622990747
"2006"	11	3965	0.464830011723329	37594686814.4999	3965.99007945654	6771989917.51964	78.9408920902499	1528700000	98.1575	0.0716084310389498	0.0161725518172195	0.101393049278872	0.0869519903348461	0.188556121885323	0.0729976903767442	0.312518608527441	-0.0569277488373876
"2007"	11	3980	0.437843784378438	40780695458.6011	4241.35536539476	7614686439.59922	83.7906783329362	2252900000	99.7608333333334	0.00377596420953452	-0.0598095824762649	0.0813460866286881	0.0671273511159445	0.117283833400101	0.0596223931881754	0.387800574176111	0.0162023232626733
"2008"	11	3980	0.429341963322546	42923985852.7676	4402.37204002254	8313587898.72302	92.7098785547186	2728400000	100.399166666667	0	-0.0196084713883762	0.0512219615622911	0.0372606158544606	0.0878124636312982	0.101153267446406	0.191497081597465	0.00637825237204215
"2009"	11	3992	0.448035914702581	44406603700.051	4492.65612567561	7092685109.47983	94.04689529053	1695300000	99.9583333333333	0.00301053915287142	0.0426196772479172	0.0339574098849127	0.0203005959200251	-0.158827285765206	0.0143185122671827	-0.475855640476656	-0.00440047459863457
"2010"	11	4125	0.434668071654373	47848657632.1096	4776.84210153301	8336094246.98491	100	1820227858.97026	100	0.0327736613374281	-0.030290709801692	0.0746548734782237	0.0613355883771582	0.161530804279639	0.0613766420509014	0.0711019741668188	0.00041675349634307
"2011"	11	4306	0.432763819095477	49993672106.0299	4926.65082968697	8119463405.4029	108.460168809602	2197500000	100.671666666667	0.0429433791555258	-0.00439055939313793	0.0438533756995909	0.0308797323398959	-0.0263307220558175	0.0812128118462745	0.188358660088607	0.00669421035938633
"2012"	11	4563	0.440869565217391	51937267397.8784	5053.92457286091	8468398678.19813	112.467256758376	3415900000	100.886666666667	0.0579709030030937	0.0185569344622176	0.0381401545654825	0.0255056723044582	0.0420773638147125	0.036279130409878	0.441120650915952	0.00213337824329596
